Title,Link,Publish Date (UTC)
Never stop talking about the Wire,https://www.youtube.com/watch?v=JBkCWnb7_AM,2026-05-01T04:42:02Z
Unit 8 Fixed Assets and Depreciation,https://www.youtube.com/watch?v=Owp5F1WAA_w,2026-04-20T02:42:23Z
Unit 7 Inventory and Asset Tracker,https://www.youtube.com/watch?v=Z5XM90DfSeg,2026-03-24T22:29:32Z
Happy Jelly Commercial with audio,https://www.youtube.com/watch?v=S50b_7Tln1k,2026-03-10T01:56:12Z
Happy Jelly Commercial,https://www.youtube.com/watch?v=CPpunriF94c,2026-03-10T01:27:18Z
Unit 6 PriceLab Challenge,https://www.youtube.com/watch?v=DQpR1dbtQnc,2026-02-25T02:24:12Z
Unit 5 Payroll Simulator,https://www.youtube.com/watch?v=FZo-q8LRWtk,2025-12-04T05:12:47Z
Unit 4 Data Driven Cafe,https://www.youtube.com/watch?v=MKNYfuGZntk,2025-11-17T21:49:21Z
Unit 3 Three statement Storyboard,https://www.youtube.com/watch?v=XHZjrjOcr7E,2025-10-27T14:09:21Z
Unit 2 Month end Wizard Case Study,https://www.youtube.com/watch?v=1O_YHSGpZDo,2025-09-24T11:06:29Z
Unit 1 Smart Ledgers Case Study,https://www.youtube.com/watch?v=IN4MBaOdLRY,2025-07-29T02:56:43Z
Overview of current ChatGPT models (Oct '24),https://www.youtube.com/watch?v=tPuFP3gXdo8,2024-10-19T06:22:33Z
Reading Advantage Thailand Screenshot Teaser,https://www.youtube.com/watch?v=vsyQfmx_ej4,2024-05-15T23:03:54Z
Reading Advantage   Student Find an Article to Read,https://www.youtube.com/watch?v=-k7xxxxBmj0,2024-05-15T22:56:48Z
Reading Advantage   Students Use Sentence Activities,https://www.youtube.com/watch?v=Q25lJtjkEQQ,2024-05-15T22:55:58Z
Reading Advantage   Teachers Browse Passages,https://www.youtube.com/watch?v=xS0EFsIcaI4,2024-05-15T22:55:40Z
Reading Advantage   Teachers Create Classes with Students,https://www.youtube.com/watch?v=fDyRwJTDfkQ,2024-05-15T22:55:11Z
Node NPM text-readability to CEFR R^2 = 0.985,https://www.youtube.com/watch?v=i5MZHmY7F_Y,2023-12-30T11:37:00Z
Technique 17 Stretch It,https://www.youtube.com/watch?v=JMa7g4RP334,2023-09-22T16:00:26Z
Technique 16 Right is Right,https://www.youtube.com/watch?v=tAtOPAdkwTQ,2023-09-21T16:00:50Z
Technique 15 No Opt Out,https://www.youtube.com/watch?v=qD3GkSgp5ic,2023-09-21T00:30:25Z
Technique 14 Own and Track,https://www.youtube.com/watch?v=4gWMb_C0Fkc,2023-09-19T16:00:06Z
Technique 13 Show Call,https://www.youtube.com/watch?v=PnwmR42MChA,2023-09-18T16:00:26Z
Technique 12 Culture of Error,https://www.youtube.com/watch?v=9Y0snFJawfw,2023-09-17T16:00:07Z
Technique 11 Affirmative Checking,https://www.youtube.com/watch?v=YBWhU11MqpU,2023-09-16T16:00:19Z
Technique 10 Show Me,https://www.youtube.com/watch?v=pHp5dVqW3CQ,2023-09-15T16:00:42Z
Technique 9 Active Observation ActiveObs,https://www.youtube.com/watch?v=f5ouvX7U7HQ,2023-09-14T16:00:25Z
Technique 8 Standardize the Format,https://www.youtube.com/watch?v=HEFxSiGse3U,2023-09-13T16:00:10Z
Technique 7 Retrieval Practice,https://www.youtube.com/watch?v=iGIL78shXOM,2023-09-12T16:00:34Z
Technique 6 Replace Self Report,https://www.youtube.com/watch?v=HH_fPuVIJyQ,2023-09-11T16:00:15Z
Technique 5 Knowledge Organizers,https://www.youtube.com/watch?v=6DNTfuEcQek,2023-09-10T16:00:07Z
Technique 4 Double Plan,https://www.youtube.com/watch?v=hSj4uCkfz5k,2023-09-09T16:00:26Z
Technique 3 Delivery Moves,https://www.youtube.com/watch?v=PW2C30MKhZo,2023-09-08T16:00:17Z
Technique 2 Plan for Error,https://www.youtube.com/watch?v=qmuv5rs6p4A,2023-09-07T16:00:43Z
Technique 1 Exemplar Planning,https://www.youtube.com/watch?v=LXEY7vr-Yvs,2023-09-06T16:00:14Z
Interactive Technology,https://www.youtube.com/watch?v=w9oK5wJVwVQ,2023-09-05T08:03:13Z
Inquiry-Based Learning,https://www.youtube.com/watch?v=jGMhI2pogas,2023-09-05T08:01:13Z
Classroom Routines,https://www.youtube.com/watch?v=kv2pAhwkFgc,2023-09-05T08:00:16Z
Reflection and Journaling,https://www.youtube.com/watch?v=aJgm_HozVxc,2023-09-05T07:59:15Z
Peer Tutoring,https://www.youtube.com/watch?v=PgSg49D8L4k,2023-09-05T07:58:19Z
Problem-Based Learning,https://www.youtube.com/watch?v=ro_yVCllyfo,2023-09-05T07:57:09Z
Peer Assessment,https://www.youtube.com/watch?v=wnEpfK_86Kw,2023-09-05T07:56:01Z
Role Playing,https://www.youtube.com/watch?v=347LpIDZWfg,2023-09-05T07:55:23Z
Flipped Classroom,https://www.youtube.com/watch?v=fFBZ2wVwbjk,2023-09-05T07:54:43Z
Constructivist Approach,https://www.youtube.com/watch?v=Oy4Nh-HysRo,2023-09-05T07:53:53Z
Recitation,https://www.youtube.com/watch?v=SL19G1TKJUY,2023-09-05T07:53:11Z
Collaborative Projects,https://www.youtube.com/watch?v=dgnk-Kg4TMw,2023-09-05T07:51:16Z
Differentiated Instruction,https://www.youtube.com/watch?v=qW6slc3hu1o,2023-09-05T07:50:02Z
Mind Mapping,https://www.youtube.com/watch?v=2zZvqGLgAYg,2023-09-05T07:49:20Z
Reciprocal Teaching,https://www.youtube.com/watch?v=C41uJqFSb54,2023-09-05T07:49:00Z
Concept Mappping,https://www.youtube.com/watch?v=qNuz8s66N1E,2023-09-05T07:48:42Z
Peer Teaching,https://www.youtube.com/watch?v=6SCPWbic6b8,2023-09-05T07:48:11Z
Gallery Walk,https://www.youtube.com/watch?v=aIotMu5ZfiE,2023-09-05T07:46:22Z
Socratic Seminars,https://www.youtube.com/watch?v=0B1FGsqALPM,2023-09-05T07:45:30Z
Think-Pair-Share (TPS),https://www.youtube.com/watch?v=Vo1degHQpL0,2023-09-05T07:44:59Z
Jigsaw Technique,https://www.youtube.com/watch?v=d_l__oGJhyA,2023-09-05T07:43:56Z
Code Interpreter does multilinear regression for you,https://www.youtube.com/watch?v=Tj3X4ekSmhQ,2023-07-12T02:01:06Z
Code Interpreter creates dockerfiles for repos!,https://www.youtube.com/watch?v=fXE6LrHLRSE,2023-07-12T00:49:32Z
Code Interpreter: Worth the cost of ChatGPT Plus?,https://www.youtube.com/watch?v=ewaE0obeoQA,2023-07-10T22:14:17Z
Visible Learning by John Hattie: Chapter 8 The contributions from the curricula,https://www.youtube.com/watch?v=xb_LIhgWnik,2023-06-08T00:00:09Z
Visible Learning by John Hattie: Chapter 7 The contributions from the teacher,https://www.youtube.com/watch?v=WPyebtSrFOw,2023-06-07T00:00:06Z
Visible Learning by John Hattie: Chapter 6 The contributions from the school,https://www.youtube.com/watch?v=TaNDd2I8mYY,2023-06-06T00:00:09Z
Visible Learning by John Hattie Chapter 5 The contributions from the home,https://www.youtube.com/watch?v=f9uw1RwBjAg,2023-06-05T00:00:09Z
Visible Learning by John Hattie: Chapter 4 The contributions from the student,https://www.youtube.com/watch?v=VhVaUo1fQuA,2023-06-04T11:01:53Z
Educational Theory Often Trumps Evidence in Teachers' Minds,https://www.youtube.com/watch?v=kP7QUZfEsLY,2023-05-09T21:50:18Z
Pouring good money after bad in education,https://www.youtube.com/watch?v=Tmd6hPytuWo,2023-05-09T08:29:55Z
This is perhaps Hattie's most insightful comment on teachers.,https://www.youtube.com/watch?v=8fCTfmSfjMY,2023-05-07T00:36:22Z
From key points to course content: an AI-assisted approach,https://www.youtube.com/watch?v=gjIQVhiMWdA,2023-04-29T04:55:30Z
Reading G6 Innapropriate Time,https://www.youtube.com/watch?v=M97rO_KHDEk,2023-03-04T01:47:59Z
Reading G6 Boom Boom Pow,https://www.youtube.com/watch?v=hgDB6Boo12A,2023-03-04T01:47:34Z
Reading G5 Keystone,https://www.youtube.com/watch?v=MPmXGUPLQBA,2023-03-04T01:47:22Z
Reading G5 Jessica Bracey,https://www.youtube.com/watch?v=1BXSuVwtXmc,2023-03-04T01:47:11Z
Reading G4 Three minutes on your own,https://www.youtube.com/watch?v=vfcG-P1rR6A,2023-03-04T01:47:01Z
Reading G10 Jekyl and Hyde,https://www.youtube.com/watch?v=XNHc7oio45c,2023-03-04T01:46:49Z
Math HS Register Shifts,https://www.youtube.com/watch?v=Ud2xmXTEGpQ,2023-03-04T01:46:31Z
Math G9 Go To IP,https://www.youtube.com/watch?v=_UJSt9C33gk,2023-03-04T01:46:14Z
Math G9 Expand,https://www.youtube.com/watch?v=KhnZPcjiZno,2023-03-04T01:46:02Z
Math G9 Back to your notes,https://www.youtube.com/watch?v=es4b72Un8m8,2023-03-04T01:45:49Z
Math G9 Almost there work,https://www.youtube.com/watch?v=2cyJeQdSReU,2023-03-04T01:44:35Z
Math G8 Strong Work,https://www.youtube.com/watch?v=EEe8S_ZIx_M,2023-03-04T01:44:19Z
Math G8 Smart Smart,https://www.youtube.com/watch?v=YXebRGW6jIc,2023-03-04T01:44:07Z
Math G8 Show Me,https://www.youtube.com/watch?v=TDq39f0lGkA,2023-03-04T01:43:54Z
Math G8 Keystone,https://www.youtube.com/watch?v=DExYYI3fmww,2023-03-04T01:43:41Z
Math G7 Silent Hand In,https://www.youtube.com/watch?v=KYn_gmlYcsQ,2023-03-04T01:43:28Z
Math G7 different Answers,https://www.youtube.com/watch?v=eE7ncDbGuAY,2023-03-04T01:43:16Z
Math G6 Show Call,https://www.youtube.com/watch?v=twqsJ9JXVe8,2023-03-04T01:43:05Z
Math G8 Smart Smart,https://www.youtube.com/watch?v=51os1Kw7C50,2023-03-04T01:42:49Z
Math G8 Strong Work,https://www.youtube.com/watch?v=phwzwVc2FJQ,2023-03-04T01:42:22Z
Math G9 Almost there work,https://www.youtube.com/watch?v=Y6KKrYZnaZE,2023-03-04T01:42:11Z
Math G9 Back to your notes,https://www.youtube.com/watch?v=89g9gf0vKt0,2023-03-04T01:41:58Z
Math G9 Expand,https://www.youtube.com/watch?v=9XV0dw_X5rA,2023-03-04T01:41:46Z
Math G9 Go To IP,https://www.youtube.com/watch?v=TtgrG6GyYOc,2023-03-04T01:41:23Z
Math HS Register Shifts,https://www.youtube.com/watch?v=PSaF2-UDeYM,2023-03-04T01:41:10Z
Reading K Active Observation,https://www.youtube.com/watch?v=5JrhMHhkViA,2023-03-04T01:40:58Z
Reading K Artful Sentence,https://www.youtube.com/watch?v=VWdJN4EmZ4M,2023-03-04T01:40:45Z
Reading Slowing the Data,https://www.youtube.com/watch?v=MHgH3JXCipU,2023-03-04T01:40:31Z
Register Shift,https://www.youtube.com/watch?v=MFhNM-9UAwo,2023-03-04T01:40:13Z
Retrieval Practice Montage,https://www.youtube.com/watch?v=5kQGBoM4weg,2023-03-04T01:40:01Z
Science G1 Cranium,https://www.youtube.com/watch?v=6oSCaqrEsPA,2023-03-04T01:39:47Z
Science G8 Lets Make a Note,https://www.youtube.com/watch?v=8ZXxTmyN93w,2023-03-04T01:39:32Z
Self interrupt Montage,https://www.youtube.com/watch?v=0fEaQvZk2J0,2023-03-04T01:39:21Z
Show Me Montage,https://www.youtube.com/watch?v=DiKqoWkt-o8,2023-03-04T01:39:09Z
Silent Solo Montage,https://www.youtube.com/watch?v=lImSpWlaIyU,2023-03-04T01:38:57Z
Writing G3 Nonverbal Montage,https://www.youtube.com/watch?v=EYv3zGvmFc8,2023-03-04T01:38:44Z
Reading G6 Show Call Discussion,https://www.youtube.com/watch?v=0shPCWgrQic,2023-03-04T01:38:32Z
Reading G6 Tiu Luis,https://www.youtube.com/watch?v=fjrV9DqEDN8,2023-03-04T01:38:05Z
Reading G7 Justice,https://www.youtube.com/watch?v=Do2BXjZdFSg,2023-03-04T01:37:49Z
Reading G7 Keystone,https://www.youtube.com/watch?v=RK8FQa4JDIQ,2023-03-04T01:37:37Z
45   Turn and Talk,https://www.youtube.com/watch?v=siNwdzl1xU0,2023-03-04T01:37:20Z
44   Turn and Talk,https://www.youtube.com/watch?v=H0nh8A39J-Q,2023-03-04T01:37:09Z
55   Be Seen Looking,https://www.youtube.com/watch?v=rTEd6qzOGxk,2023-03-04T01:36:18Z
54   Be Seen Looking,https://www.youtube.com/watch?v=PtLFXXL77FU,2023-03-04T01:35:44Z
53   Be Seen Looking,https://www.youtube.com/watch?v=k7_jR-DWIyw,2023-03-04T01:35:03Z
52   Culture of High Expectations,https://www.youtube.com/watch?v=yOSrb5E0xks,2023-03-04T01:34:49Z
51   Do It Again,https://www.youtube.com/watch?v=jOvXM-_6z5M,2023-03-04T01:34:35Z
50   Strategic Investment,https://www.youtube.com/watch?v=bZyiURfJn_0,2023-03-04T01:34:21Z
49   Strategic Investment,https://www.youtube.com/watch?v=fsLDMwyQ_Zw,2023-03-04T01:34:09Z
48   Sttrategic Investment,https://www.youtube.com/watch?v=dxVO4s0wN84,2023-03-04T01:33:56Z
47   Strategic Investment,https://www.youtube.com/watch?v=fMF11TM_jfs,2023-03-04T01:33:44Z
46   Turn and Talk,https://www.youtube.com/watch?v=R_TQMHjDwOw,2023-03-04T01:33:23Z
65   Firm Calm Finesse,https://www.youtube.com/watch?v=kPvG-Q1AnJQ,2023-03-04T01:31:16Z
64   Firm Calm Finesse,https://www.youtube.com/watch?v=9UsF-JAgAs0,2023-03-04T01:31:03Z
63 Least Invasive Intervention,https://www.youtube.com/watch?v=j88sZpGefeU,2023-03-04T01:30:47Z
62   Least Invasive Intervention,https://www.youtube.com/watch?v=EQ5PEpTBoZo,2023-03-04T01:30:34Z
61   Least Invasive Intervention,https://www.youtube.com/watch?v=yI8Hj2UrCbE,2023-03-04T01:30:19Z
60   Least Invasive Intervention,https://www.youtube.com/watch?v=oKvWxAxAcWw,2023-03-04T01:30:05Z
59   Least Invasive Intervention,https://www.youtube.com/watch?v=7zd0zg4i7bI,2023-03-04T01:29:39Z
58   Least Invasive Intervention,https://www.youtube.com/watch?v=9JtGkMXrwA8,2023-03-04T01:29:27Z
57   Make Compliance Visible,https://www.youtube.com/watch?v=Rk87TbnZojc,2023-03-04T01:29:13Z
56   Make Compliance Visible,https://www.youtube.com/watch?v=1qIzNdbHK4M,2023-03-04T01:29:00Z
75   Joy Factor,https://www.youtube.com/watch?v=5GuZNgZNEzI,2023-03-04T01:28:33Z
74   Joy Factor,https://www.youtube.com/watch?v=PdTuXrrELi4,2023-03-04T01:28:19Z
73   Precise Praise,https://www.youtube.com/watch?v=jdh_BtlvbH8,2023-03-04T01:28:06Z
72   Precise PRaise,https://www.youtube.com/watch?v=MBuIWevOlo8,2023-03-04T01:27:52Z
71   Precise Praise,https://www.youtube.com/watch?v=pz3ACmHPfqs,2023-03-04T01:27:40Z
70   Positive Framing,https://www.youtube.com/watch?v=KT4ET0PAWVI,2023-03-04T01:27:28Z
69   Strong Voice,https://www.youtube.com/watch?v=9bJdrxHg8fQ,2023-03-04T01:27:15Z
68   Strong Voice,https://www.youtube.com/watch?v=1vJonudsodI,2023-03-04T01:27:04Z
67   Strong Voice,https://www.youtube.com/watch?v=ODI-z19TFJ0,2023-03-04T01:26:51Z
66   Art of the Consequence,https://www.youtube.com/watch?v=ElUhlsRuPHE,2023-03-04T01:26:39Z
Math G6 Good Catch,https://www.youtube.com/watch?v=UUUCohBo4Ng,2023-03-04T01:25:39Z
Math G5 Fix Your Mistakes,https://www.youtube.com/watch?v=TFIIohhe-VI,2023-03-04T01:25:17Z
Math G3 Keystone,https://www.youtube.com/watch?v=io1KSFgbUN4,2023-03-04T01:24:58Z
Math G3 Front Table,https://www.youtube.com/watch?v=aTD30bWJzB0,2023-03-04T01:24:42Z
Math G2 Orange Row,https://www.youtube.com/watch?v=njCTXlbNDAc,2023-03-04T01:24:30Z
Math G11 Remainder,https://www.youtube.com/watch?v=fw4Jgwh_3LQ,2023-03-04T01:24:16Z
Math G11 Keystone,https://www.youtube.com/watch?v=mf8WP2XZpck,2023-03-04T01:24:03Z
Math G10 Pens to Paper,https://www.youtube.com/watch?v=wKB8qldgX4E,2023-03-04T01:23:51Z
Active Observation Montage,https://www.youtube.com/watch?v=Yfye2NHvIc8,2023-03-04T01:21:31Z
Be Seen Looking Montage,https://www.youtube.com/watch?v=e4xB3Ha2SKI,2023-03-04T01:07:59Z
Chemistry AP Grab one of each,https://www.youtube.com/watch?v=pXsxSCJFpoA,2023-03-04T01:07:43Z
Chemistry AP Keystone,https://www.youtube.com/watch?v=UNQWNUzDPuE,2023-03-04T01:07:28Z
Culture of Error Montage,https://www.youtube.com/watch?v=UDJsoamKtNQ,2023-03-04T01:07:14Z
History G5 Write what I write,https://www.youtube.com/watch?v=X6zgFoCBgqI,2023-03-04T01:06:55Z
Math G10 Check in with your neighbor,https://www.youtube.com/watch?v=LnQdQq1iRgg,2023-03-04T01:06:41Z
Math G10 Binomials,https://www.youtube.com/watch?v=yfinVSBJdhI,2023-03-04T01:06:21Z
36   Call and Response,https://www.youtube.com/watch?v=BeYZ2uJWDD0,2023-03-04T01:05:52Z
39   Everybody Writes,https://www.youtube.com/watch?v=D-KayMWv0pI,2023-03-04T01:05:29Z
37   Pepper,https://www.youtube.com/watch?v=Nk-8934Rf_U,2023-03-04T01:05:14Z
38   Everybody Writes,https://www.youtube.com/watch?v=ZbkjqMz0_rs,2023-03-04T01:04:57Z
40   Everybody Writes,https://www.youtube.com/watch?v=jdNX0ZgKwEw,2023-03-04T01:04:40Z
43   Habits of Discussion,https://www.youtube.com/watch?v=8vzW5JBx4ok,2023-03-04T01:03:42Z
42   Show Call,https://www.youtube.com/watch?v=I1qb8kHIbYs,2023-03-04T01:03:26Z
41   Show Call,https://www.youtube.com/watch?v=JHKHUY_tTWY,2023-03-04T01:03:00Z
33   Cold Call,https://www.youtube.com/watch?v=p-WJShu8Wac,2023-03-03T16:00:34Z
32   Cold Call,https://www.youtube.com/watch?v=hhJW1HKJMLU,2023-03-03T16:00:25Z
30   Wait Time,https://www.youtube.com/watch?v=_p7PSRP7ZN4,2023-03-03T16:00:19Z
31   Wait Time,https://www.youtube.com/watch?v=AMstYDuJrIU,2023-03-03T16:00:05Z
29   Wait Time,https://www.youtube.com/watch?v=6GH8z76EZeA,2023-03-03T16:00:03Z
34   Cold Call,https://www.youtube.com/watch?v=MK8YCmrf_Gg,2023-03-02T16:00:21Z
27   Change the Pace,https://www.youtube.com/watch?v=fZ2RfDxVikM,2023-03-02T16:00:18Z
35   Call and Response,https://www.youtube.com/watch?v=NfbB1IKWLes,2023-03-02T16:00:13Z
28   Cold Call,https://www.youtube.com/watch?v=5_-qktoEtEs,2023-03-02T16:00:05Z
Math G8 College Bound,https://www.youtube.com/watch?v=25-S1daDpsA,2023-03-02T13:56:40Z
25   All Hands,https://www.youtube.com/watch?v=op18TOM1Uvg,2023-03-01T16:00:34Z
23   Change the Pace,https://www.youtube.com/watch?v=qTp_i9YDpCI,2023-03-01T16:00:34Z
24   Brighten Lines,https://www.youtube.com/watch?v=plvLwXtzca4,2023-03-01T16:00:27Z
22   Change the PAce,https://www.youtube.com/watch?v=XxEt-5xtpDY,2023-03-01T16:00:20Z
26   Work the Clock,https://www.youtube.com/watch?v=3_RIHeHbiKc,2023-03-01T16:00:02Z
21   Circulate,https://www.youtube.com/watch?v=W6F7DdbojtA,2023-02-28T16:00:26Z
19   Control the Game,https://www.youtube.com/watch?v=qvff6crneu4,2023-02-28T16:00:24Z
17   Format MAtters,https://www.youtube.com/watch?v=RDo5sDSwFkQ,2023-02-28T16:00:23Z
20   Control the Game,https://www.youtube.com/watch?v=gHw_kvyxl7U,2023-02-28T16:00:23Z
18   Format MAtters,https://www.youtube.com/watch?v=O8TDzPAe1qQ,2023-02-28T16:00:15Z
12   No Opt Out,https://www.youtube.com/watch?v=bXUExb-u11o,2023-02-27T16:00:30Z
14   Right is Right,https://www.youtube.com/watch?v=m2fEMN2Q6Hs,2023-02-27T16:00:23Z
13   Right is Right,https://www.youtube.com/watch?v=M34i5wWNYRY,2023-02-27T16:00:13Z
16   Stretch It,https://www.youtube.com/watch?v=A2ZBTFdBuGw,2023-02-27T16:00:06Z
15   Right is Right,https://www.youtube.com/watch?v=5XBvqwU5FQU,2023-02-27T16:00:05Z
09 No Opt Out,https://www.youtube.com/watch?v=ZWSju1Ykg54,2023-02-26T16:00:31Z
11   No Opt Out,https://www.youtube.com/watch?v=JPKjSfOYi5E,2023-02-26T16:00:15Z
10 No Opt Out,https://www.youtube.com/watch?v=HpyVPu3ivBo,2023-02-26T16:00:08Z
08   Culture of Error,https://www.youtube.com/watch?v=3oYfnEkmgwU,2023-02-26T16:00:04Z
07   Culture of Error,https://www.youtube.com/watch?v=6CX68tJDCzg,2023-02-26T16:00:03Z
06   Affirmative Checking,https://www.youtube.com/watch?v=iA3fvz7XY4o,2023-02-26T03:22:26Z
05   Affirmative Checking,https://www.youtube.com/watch?v=wSj_MTSl_zw,2023-02-26T03:21:41Z
03   Show me,https://www.youtube.com/watch?v=hC7XyRqlkzs,2023-02-26T03:21:08Z
02   Standardize the format,https://www.youtube.com/watch?v=5dwKYduqoMY,2023-02-26T03:20:29Z
01   Reject Self report,https://www.youtube.com/watch?v=74hbccXW0G4,2023-02-26T03:19:38Z
Vocabulary Programs in Bilingual and International Schools,https://www.youtube.com/watch?v=czuASlRiiYM,2023-02-12T08:41:00Z
[Archives 2018] Ice reads My Dog,https://www.youtube.com/watch?v=vH8-QsTkmI4,2023-02-09T04:19:20Z
[Archives 2018] Mali and Cartoon do CVC for the first time,https://www.youtube.com/watch?v=JSmS4HmfPHs,2023-02-07T13:30:35Z
Using a collocation dictionary to improve student writing,https://www.youtube.com/watch?v=EGyqg-N_JKg,2023-02-06T01:46:18Z
Authentic Reading - An EFL Reading Framework for Newer Teachers,https://www.youtube.com/watch?v=TeHdXcnM-mE,2023-02-05T07:07:29Z
Estimating the causal effects of Khan Academy MAP Accelerator across demographic subgroups,https://www.youtube.com/watch?v=Qu4ZUvF7vMU,2023-02-04T04:00:15Z
Reading performance of Japanese high school learners following a one-year extensive reading program,https://www.youtube.com/watch?v=4hdxeicF8dY,2023-02-03T04:00:01Z
What does the research say about standards-based grading: A research primer,https://www.youtube.com/watch?v=b6OmuYf_GIw,2023-02-02T02:16:55Z
Aligning the Lexile Framework for Reading to theCommon European Framework of Reference,https://www.youtube.com/watch?v=1wiX6rrpNto,2023-02-01T10:53:32Z
Why standard phonics workbooks don't work for bilingual schools,https://www.youtube.com/watch?v=TtazHBv4n8o,2023-01-25T06:56:45Z
Always get all the facts before taking a side,https://www.youtube.com/watch?v=avtkRXFfty4,2023-01-21T03:10:30Z
Don't use ChatGPT for investment advice,https://www.youtube.com/watch?v=JRPzzB9tgbo,2023-01-09T05:54:26Z
TLAC 2 0 Technique 1 Reject Self Report,https://www.youtube.com/watch?v=vbs1-GPeEL0,2022-10-11T12:38:37Z
TLAC 2.0 Part 1 Check for Understanding,https://www.youtube.com/watch?v=Jrjdy8A7XXo,2022-10-11T12:20:51Z
Retrieval Practice Short,https://www.youtube.com/watch?v=VcTS7vNShPU,2022-10-02T04:38:24Z
TLAC 3.0 Technique 7 Retrieval Practice,https://www.youtube.com/watch?v=dysID9X2STs,2022-10-02T04:13:00Z
[Archives 2020] Union Intersection Complement and Difference in Sets,https://www.youtube.com/watch?v=Ws0Bxi38yik,2022-08-29T05:06:03Z
[Archives 2020] Triple Venn Diagram Set Operator Practice 1,https://www.youtube.com/watch?v=eyggcGhXrHc,2022-08-29T05:05:26Z
[Archives 2020] TLAC 2.0 Technique 22 Board Equals Paper,https://www.youtube.com/watch?v=fyTT8REfNMM,2022-08-29T05:04:47Z
[Archives 2020] TLAC 2.0 Technique 59 Precise Praise,https://www.youtube.com/watch?v=NOxjxOBRNA4,2022-08-29T05:04:24Z
[Archives 2020] TLAC 2.0 Technique 33 Cold Call,https://www.youtube.com/watch?v=xxn6FTBzAzA,2022-08-29T05:03:48Z
[Archives 2020] TLAC 2.0 Technique 21 Name the Steps,https://www.youtube.com/watch?v=gUh4KnU23KY,2022-08-28T07:27:19Z
[Archives 2020] TLAC 2.0 Technique 28 Brighten Lines,https://www.youtube.com/watch?v=WzviTExdF0g,2022-08-28T07:26:48Z
[Archives 2020] Subsets and Power Sets Part 2,https://www.youtube.com/watch?v=c6FNNBP0z8k,2022-08-21T08:15:22Z
[Archives 2020] Subsets and Power Sets Part 1,https://www.youtube.com/watch?v=v7pKbqOMxJM,2022-08-21T08:14:20Z
[Archives 2020] 0.3 Set Builder Notation  Complements  and Intersections,https://www.youtube.com/watch?v=A7prdN05NKU,2022-08-21T08:13:35Z
[Archives 2020] 0.2 Venn Diagrams  Subsets  and the Universal Set,https://www.youtube.com/watch?v=kEl5DETr_7U,2022-08-21T08:12:42Z
[Archives 2020] 0.1 Sets and Set Equality,https://www.youtube.com/watch?v=9qYMHmDpYOA,2022-08-21T05:03:46Z
[Archives 2021] Part 1  What are the foundations of good bilingual education,https://www.youtube.com/watch?v=sh-zHyXm7eI,2022-08-21T03:34:32Z
"[Archives 2021] Part 2  Language levels, reading levels, Lexile, testing, and SBG",https://www.youtube.com/watch?v=uD9tp_zvLtU,2022-08-21T03:34:28Z
Replace self report with something better Short,https://www.youtube.com/watch?v=8URe7wWjH_w,2022-08-01T02:55:37Z
Replace self report with something better TLAC 3.0 Technique 7,https://www.youtube.com/watch?v=7himF8J3ick,2022-08-01T02:55:18Z
No Opt Out Short,https://www.youtube.com/watch?v=lDjpciIP6wQ,2022-07-20T02:20:52Z
Stretch It Short,https://www.youtube.com/watch?v=1M20X9VLNRU,2022-07-19T06:44:10Z
Wait Time Short,https://www.youtube.com/watch?v=oszljgCoE9w,2022-07-19T06:43:32Z
Right is Right Short,https://www.youtube.com/watch?v=hH9U9DlSprE,2022-07-19T04:06:25Z
Cold Call TLAC 3.0 Technique 34,https://www.youtube.com/watch?v=wO9Y9R5xTaw,2022-07-14T07:20:56Z
Wait Time TLAC 3.0 Technique 33,https://www.youtube.com/watch?v=PvJw9ge8yFQ,2022-07-14T03:22:57Z
Stretch It TLAC 3.0 Technique 17,https://www.youtube.com/watch?v=rdszNzs0N80,2022-07-14T02:37:28Z
Right is Right TLAC 3.0 Technique 16,https://www.youtube.com/watch?v=H07fYE6vLGk,2022-07-13T23:36:49Z
No Opt Out TLAC 3.0 Technique 15,https://www.youtube.com/watch?v=NUL51AmaKfM,2022-07-12T06:18:27Z
Teach Like a Champion (TLAC) 3.0 Overview and Review,https://www.youtube.com/watch?v=5vJoq2fQ-bM,2022-07-12T03:19:50Z
Aleks   Trigonometry   Solving a Basic Trigonometric Equation Involving Sine or Cosine,https://www.youtube.com/watch?v=ex-zNEn3a3U,2022-06-12T08:31:41Z
Aleks   Trigonometry   Proving Trigonometric Identitites Problem Type 1,https://www.youtube.com/watch?v=PZkFYzsJ7TI,2022-06-12T08:28:21Z
Aleks   Trigonometry   Solving trigonometric equations modeling a real world situation,https://www.youtube.com/watch?v=RUWJ9qM-wo0,2022-06-12T08:27:59Z
[Archives 2016] Implementing Blended Learning in KPBS,https://www.youtube.com/watch?v=ZytFnOsn69s,2022-03-26T13:27:54Z
[Archives from 2016] What is Extensive Reading and how does it work?,https://www.youtube.com/watch?v=8ZbbqoO6b8o,2022-03-26T13:26:04Z
Nextcloud AIO -- Beautiful!,https://www.youtube.com/watch?v=AoPStL-BX9U,2021-12-06T12:50:52Z
Math 2   Zero Product Property,https://www.youtube.com/watch?v=4csMf-2ACos,2021-11-22T07:38:54Z
Math 2   Intro to Parabolas   Interpret a quadratic graph,https://www.youtube.com/watch?v=ufeFJy3lb0g,2021-11-15T07:24:37Z
Math 2   Factoring with a difference of squares,https://www.youtube.com/watch?v=BrX7YIZ0cw8,2021-11-15T07:24:08Z
Math 3   Analyze vertical asymptotes of rational functions,https://www.youtube.com/watch?v=MtM9Q_HvnfU,2021-11-15T07:23:39Z
Math 3   Graphs of Rational Functions,https://www.youtube.com/watch?v=U4UkdDOzo40,2021-11-15T07:23:06Z
Math 2   Multiplying and Factoring    Factoring by Grouping,https://www.youtube.com/watch?v=0LN_yRLc7Zo,2021-11-14T11:49:24Z
Math 2   Multiplying and Factoring    Difference of Squares Intro,https://www.youtube.com/watch?v=xxW-Lf-G7v4,2021-11-14T11:48:53Z
Math 3   Rational Functions   End Behavior,https://www.youtube.com/watch?v=D2WdIFxsMgc,2021-11-14T11:48:24Z
Math 3   Rational Functions   Asymptotes,https://www.youtube.com/watch?v=LzueBM9nBeU,2021-11-14T11:47:52Z
Solve exponential equations using exponential properties advanced,https://www.youtube.com/watch?v=fXhx2bfQVjI,2021-10-19T11:27:55Z
Unit: Rational exponents and radicals -- Solve exponential equations using exponential properties,https://www.youtube.com/watch?v=68ANaUxw7lg,2021-10-19T11:05:53Z
Combinations,https://www.youtube.com/watch?v=oXNnfREmZfU,2021-10-19T10:49:30Z
Binomial Theorem,https://www.youtube.com/watch?v=n6j5EPE7X_o,2021-10-19T10:33:22Z
Linear equations and graphs   horizontal and vertical lines,https://www.youtube.com/watch?v=A6J043Z-ZTY,2021-10-18T12:00:52Z
Linear equations and graphs   slope from two points,https://www.youtube.com/watch?v=5VxxMPOGg3M,2021-10-18T11:43:52Z
Linear equations and graphs   slope from a table,https://www.youtube.com/watch?v=B5bHUS7HWeM,2021-10-18T11:30:33Z
Linear Equations and Graphs    Graph from slope,https://www.youtube.com/watch?v=FW2i72uER3w,2021-10-13T11:23:59Z
Linear Equations and Graphs    Slope from graph,https://www.youtube.com/watch?v=-e8q4mxzUas,2021-10-13T11:07:15Z
Linear Equations and Graphs    Complete solutions to 2 variable equations,https://www.youtube.com/watch?v=vcFjlJx_naM,2021-10-13T10:51:09Z
Linear Equations and Graphs    Solutions to 2 variable equations,https://www.youtube.com/watch?v=xlqMDgRyPxg,2021-10-13T10:36:06Z
Introducing Logic Using Set Theory,https://www.youtube.com/watch?v=KGYH9td-Tgg,2021-08-09T02:13:11Z
Set operations worked examples,https://www.youtube.com/watch?v=xz2d7e9gsKg,2021-07-22T07:56:09Z
Khan Academy 7th grade Distributive property with variables negative numbers,https://www.youtube.com/watch?v=gLZ7YCWxjmo,2021-07-20T02:43:36Z
Khan Academy 7th grade Expressions Combining like terms with rational coefficients,https://www.youtube.com/watch?v=ngOtv7mD0UM,2021-07-20T02:30:05Z
Khan Academy 7th grade Expressions Combining like terms with negative coefficients and districution,https://www.youtube.com/watch?v=zvDona_v1FU,2021-07-20T02:29:36Z
Khan Academy 7th grade Expressions Combining like terms with negative coefficients,https://www.youtube.com/watch?v=iJBcqdNFOaY,2021-07-20T02:29:03Z
Khan Academy Algebra Shift Parabolas,https://www.youtube.com/watch?v=GbxNjZpU53w,2021-07-19T12:53:05Z
Khan Academy Algebra Scale and reflect parabolas,https://www.youtube.com/watch?v=-B6odmnbI_g,2021-07-19T12:52:50Z
Khan Academy Algebra Compare quadratic functions,https://www.youtube.com/watch?v=X2yVFHFNjBM,2021-07-19T12:51:48Z
Khan Academy Algebra Graph parabolas in all forms,https://www.youtube.com/watch?v=D6qB56CEGq8,2021-07-19T09:36:36Z
Khan Academy Algebra Interpret quadratic models,https://www.youtube.com/watch?v=gAcNdOwWYLU,2021-07-19T09:35:23Z
Khan Academy Algebra Features of quadratic functions,https://www.youtube.com/watch?v=qfJcOLcA_zM,2021-07-19T09:34:02Z
Khan Academy Algebra Features of quadratic functions strategy,https://www.youtube.com/watch?v=vlhPsUF4l1I,2021-07-19T09:33:25Z
Khan Academy Algebra Graph quadratics in standard form,https://www.youtube.com/watch?v=nOCXGz4pYCA,2021-07-18T02:18:43Z
Khan Academy Algebra Quadratic word problems standard form,https://www.youtube.com/watch?v=VpXFHI3GQlg,2021-07-18T02:17:38Z
Khan Academy Algebra Strategy in solving quadratics,https://www.youtube.com/watch?v=UmTtz2pyIJ8,2021-07-18T02:17:31Z
Khan Academy Algebra Completing the square,https://www.youtube.com/watch?v=4S27D95vv-4,2021-07-17T12:37:33Z
Khan Academy Algebra Solve equations by completing the square,https://www.youtube.com/watch?v=7w7H7MxGv1o,2021-07-17T12:37:28Z
Khan Academy Algebra Completing the square intermediate,https://www.youtube.com/watch?v=tytI9Y6qEeM,2021-07-17T11:56:55Z
Khan Academy Algebra Completing the square intro,https://www.youtube.com/watch?v=ojtU9O-Wfyc,2021-07-17T11:56:36Z
Khan Academy Algebra Number of solutions of quadratic equations,https://www.youtube.com/watch?v=gxrBoJHrIzU,2021-07-17T06:48:54Z
Khan Academy Algebra Quadratic Formula,https://www.youtube.com/watch?v=Rv9DqbSoDIY,2021-07-17T06:47:48Z
Khan Academy Algebra Quadratic equations by factoring intro,https://www.youtube.com/watch?v=-a4BpX6sJEQ,2021-07-17T05:11:07Z
Khan Academy Algebra Solve equations using structure,https://www.youtube.com/watch?v=cBg5iCLbRmE,2021-07-17T05:10:56Z
Khan Academy Algebra Quadratics by factoring,https://www.youtube.com/watch?v=fLpmCYpzPWg,2021-07-17T05:10:17Z
Khan Academy Algebra Word Problems Vertex Form,https://www.youtube.com/watch?v=OrjLWL-_rLE,2021-07-16T06:40:49Z
Khan Academy Algebra Graph quadratics in vertex form,https://www.youtube.com/watch?v=zSwK4o3dvWk,2021-07-16T06:40:45Z
Khan Algebra Quadratics by taking square roots with steps 2021,https://www.youtube.com/watch?v=fWlOXIS9X0s,2021-07-16T02:37:53Z
Khan Algebra Quadratics by taking square roots strategy 2021,https://www.youtube.com/watch?v=oFoquln4mQg,2021-07-16T02:37:20Z
Khan Algebra Quadratics by taking square roots intro 2021,https://www.youtube.com/watch?v=iTZ76zAsRRk,2021-07-16T02:36:34Z
Khan Algebra Quadratics by taking square roots 2021,https://www.youtube.com/watch?v=5Jgbkc-KE3c,2021-07-16T02:35:59Z
Khan Algebra Zero Product Property 2021,https://www.youtube.com/watch?v=A9TePir5tSk,2021-07-15T09:16:22Z
Khan Algebra Quadratic word problems factored form 2021,https://www.youtube.com/watch?v=o7kNTWw9GVU,2021-07-15T09:15:38Z
Khan Algebra Parabolas Intro 2021,https://www.youtube.com/watch?v=rvcbf7zXEgM,2021-07-15T09:13:16Z
Khan Algebra Interpret parabolas in context 2021,https://www.youtube.com/watch?v=a2Aao8_HI_A,2021-07-15T09:12:36Z
Khan Algebra Interpret a quadratic graph  2021,https://www.youtube.com/watch?v=Jyz_YIN3_Fk,2021-07-15T09:11:30Z
Khan Algebra Graph quadratics in factored form 2021,https://www.youtube.com/watch?v=-3jXMCKCfXY,2021-07-15T09:10:28Z
Too much math homework?,https://www.youtube.com/watch?v=ZBpvCJDRe1I,2021-07-02T05:47:01Z
"Khan Academy 7th grade: Expressions, equations, and inequalities - Quiz 3",https://www.youtube.com/watch?v=0urxTVhuRyY,2021-07-01T01:57:46Z
Khan Academy 7th Grade Unit 1 Lesson 1,https://www.youtube.com/watch?v=9GkbcyJvTvM,2021-06-29T15:56:36Z
How to register for 1:1 time with your teacher.,https://www.youtube.com/watch?v=NdsK_-VnHoY,2021-06-22T08:44:00Z
How to learn English in a year (interview with Cartoon),https://www.youtube.com/watch?v=uQffh-uRnlE,2021-06-19T13:32:31Z
Using integer disks to help add and subtract negative numbers,https://www.youtube.com/watch?v=itWJl5lz8H8,2021-06-11T09:54:04Z
Fedora 34 Silverblue Overview and Thoughts,https://www.youtube.com/watch?v=XpeqFcE5eLs,2021-04-17T03:58:43Z
Khan Academy Warmup graphing quadratics in vertex form,https://www.youtube.com/watch?v=PBPAhrRCW74,2021-02-27T10:16:57Z
Khan Algebra Evaluating expressions with one variable,https://www.youtube.com/watch?v=FUILCblbPRs,2021-02-27T10:16:35Z
Khan Algebra Graph quadratics in factored form practice,https://www.youtube.com/watch?v=eDd4G9YMYFk,2021-02-27T10:15:48Z
Khan Algebra Parabolas Intro,https://www.youtube.com/watch?v=U1toJl8HfrI,2021-02-27T10:15:29Z
Khan Algebra Parabolas Intro Practice Walkthrough,https://www.youtube.com/watch?v=T4qh7aXKA3o,2021-02-27T10:15:09Z
Khan algebra Quadratics by taking square roots,https://www.youtube.com/watch?v=_FunYKHO6YA,2021-02-27T10:14:41Z
Khan Algebra Quadratics by taking square roots practice,https://www.youtube.com/watch?v=haif6RCgpkQ,2021-02-27T10:14:14Z
Khan Algebra Quadratics by taking square roots,https://www.youtube.com/watch?v=c1bP1PSQJ0c,2021-02-27T10:13:51Z
Khan Algebra Quadratics by taking square roots,https://www.youtube.com/watch?v=qtq9BBLm2zw,2021-02-27T10:13:26Z
Khan Algebra Quadratic word problems in factored form,https://www.youtube.com/watch?v=rtaFSMipeIA,2021-02-27T10:13:02Z
Khan Academy Warmup  exponential vs  linear growth,https://www.youtube.com/watch?v=Vk95_nlAcIU,2020-07-24T17:00:13Z
Khan Academy Solve equations using structure pract,https://www.youtube.com/watch?v=xRw-9Lb3u9s,2020-07-23T17:00:15Z
Khan Academy Quadratic word problems standard form,https://www.youtube.com/watch?v=iCm990E43Ok,2020-07-22T17:00:12Z
Khan Academy Quadratics by factoring practice walk,https://www.youtube.com/watch?v=WQ-luZr6lO4,2020-07-21T17:00:10Z
Khan Academy Quadratics by factoring intro practic,https://www.youtube.com/watch?v=MwJsOfMG6ig,2020-07-20T17:00:07Z
Khan Academy Quadratic formula practice walkthroug,https://www.youtube.com/watch?v=N5Hn5m05Ysc,2020-07-19T17:00:05Z
Khan Academy Number of solutions of quadratic equa,https://www.youtube.com/watch?v=6W2iS_tHlpQ,2020-07-18T17:00:03Z
Khan Academy Graph quadratics in vertex form pract1,https://www.youtube.com/watch?v=3QEFdjC9MDQ,2020-07-17T17:00:02Z
Khan Academy Graph quadratics in vertex form pract,https://www.youtube.com/watch?v=-lweX4pVO5o,2020-07-16T17:00:00Z
Khan Academy Graph quadratics in standard form pra,https://www.youtube.com/watch?v=GrS68qmxoqI,2020-07-15T17:00:04Z
Khan Academy Features of quadratic functions  stra,https://www.youtube.com/watch?v=teu4xFzlbCw,2020-07-14T17:00:16Z
Khan Academy Completing the square practice walkth,https://www.youtube.com/watch?v=2roVKZXGDBw,2020-07-13T17:00:01Z
Khan Academy Completing the square intro practice,https://www.youtube.com/watch?v=REXuN4RjrWk,2020-07-12T17:00:06Z
Khan Academy Completing the square intermediate pr,https://www.youtube.com/watch?v=YxLTiLJifBA,2020-07-11T17:00:05Z
Kan Academy Quadratic word problems vertex form pr,https://www.youtube.com/watch?v=EUiwQHz7D_Q,2020-07-10T17:00:09Z
5 6 Dividing Fractions,https://www.youtube.com/watch?v=vARs8tijDvw,2020-07-10T09:42:02Z
5 5 Multiplying Fractions,https://www.youtube.com/watch?v=La22z8aUp18,2020-07-10T09:41:43Z
Khan Algebra Warmup  graphing quadratics in factor,https://www.youtube.com/watch?v=jBp_KTg4VwI,2020-07-10T09:40:51Z
Khan Algebra Zero product property,https://www.youtube.com/watch?v=WCAz1PgJFpU,2020-07-10T09:40:31Z
Khan algebra zero product property practice walkth,https://www.youtube.com/watch?v=kSxG8Gr0aR0,2020-07-10T09:40:06Z
Understanding Quadratic Word Problems สมการกำลังสอ,https://www.youtube.com/watch?v=FBwfATF4r4s,2020-07-10T09:37:14Z
Teach Like a Champion 2.0 Overview and How to Use,https://www.youtube.com/watch?v=0uIU8ZrG7yc,2020-04-10T07:17:05Z
Muang Thong's Cosmo Bazaar New Look,https://www.youtube.com/watch?v=lgAS_YWpNm8,2019-02-10T04:26:57Z
Kornprapaphat Introduction,https://www.youtube.com/watch?v=0-zjhtckTk4,2016-02-17T17:49:24Z
Network booting Elementary OS iso in a lab,https://www.youtube.com/watch?v=Ffw41jSodPU,2013-11-16T13:22:39Z